{"rmsd": 1.3814579205128132, "final_energy": -143597.08388277565, "initial_energy": 1903736804827.4856}